timestamp_s,latitude,longitude,altitude_m,rel_alt_m,roll,pitch,yaw,speed_mps
0.000,59.521800,25.149000,35.00,25.00,0.0,-35.0,0.0,4.8
0.033,59.521801,25.149000,35.01,25.01,0.0,-35.0,0.2,4.8
0.067,59.521802,25.149000,35.01,25.01,0.0,-35.0,0.3,4.8
0.100,59.521804,25.149000,35.02,25.02,0.0,-35.0,0.5,4.8
0.133,59.521805,25.149000,35.03,25.03,0.0,-35.0,0.7,4.8
0.167,59.521806,25.149000,35.03,25.03,0.0,-35.0,0.9,4.8
0.200,59.521807,25.149000,35.04,25.04,0.0,-35.0,1.0,4.8
0.233,59.521808,25.149000,35.05,25.05,0.0,-35.0,1.2,4.8
0.267,59.521810,25.149000,35.05,25.05,0.0,-35.0,1.4,4.8
0.300,59.521811,25.149000,35.06,25.06,0.0,-35.0,1.5,4.8
0.333,59.521812,25.149000,35.07,25.07,0.0,-35.0,1.7,4.8
0.367,59.521813,25.149000,35.07,25.07,0.0,-35.0,1.9,4.8
0.400,59.521814,25.149000,35.08,25.08,0.0,-35.0,2.1,4.8
0.433,59.521816,25.149000,35.09,25.09,0.0,-35.0,2.2,4.8
0.467,59.521817,25.149000,35.09,25.09,0.0,-35.0,2.4,4.8
0.500,59.521818,25.148999,35.10,25.10,0.0,-35.0,2.6,4.8
0.533,59.521819,25.148999,35.11,25.11,0.0,-35.0,2.7,4.8
0.567,59.521820,25.148999,35.11,25.11,0.0,-35.0,2.9,4.8
0.600,59.521822,25.148999,35.12,25.12,0.0,-35.0,3.1,4.8
0.633,59.521823,25.148999,35.13,25.13,0.0,-35.0,3.3,4.8
0.667,59.521824,25.148999,35.13,25.13,0.0,-35.0,3.4,4.8
0.700,59.521825,25.148999,35.14,25.14,0.0,-35.0,3.6,4.8
0.733,59.521826,25.148999,35.15,25.15,0.0,-35.0,3.8,4.8
0.767,59.521828,25.148999,35.15,25.15,0.0,-35.0,3.9,4.8
0.800,59.521829,25.148999,35.16,25.16,0.0,-35.0,4.1,4.8
0.833,59.521830,25.148999,35.16,25.16,0.0,-35.0,4.3,4.8
0.867,59.521831,25.148998,35.17,25.17,0.0,-35.0,4.5,4.8
0.900,59.521832,25.148998,35.18,25.18,0.0,-35.0,4.6,4.8
0.933,59.521833,25.148998,35.18,25.18,0.0,-35.0,4.8,4.8
0.967,59.521835,25.148998,35.19,25.19,0.0,-35.0,5.0,4.8
1.000,59.521836,25.148998,35.20,25.20,0.0,-35.0,5.1,4.8
1.033,59.521837,25.148998,35.20,25.20,0.0,-35.0,5.3,4.8
1.067,59.521838,25.148998,35.21,25.21,0.0,-35.0,5.5,4.8
1.100,59.521839,25.148998,35.22,25.22,0.0,-35.0,5.7,4.8
1.133,59.521841,25.148997,35.22,25.22,0.0,-35.0,5.8,4.8
1.167,59.521842,25.148997,35.23,25.23,0.0,-35.0,6.0,4.8
1.200,59.521843,25.148997,35.23,25.23,0.0,-35.0,6.2,4.8
1.233,59.521844,25.148997,35.24,25.24,0.0,-35.0,6.3,4.8
1.267,59.521845,25.148997,35.25,25.25,0.0,-35.0,6.5,4.8
1.300,59.521847,25.148997,35.25,25.25,0.0,-35.0,6.7,4.8
1.333,59.521848,25.148996,35.26,25.26,0.0,-35.0,6.9,4.8
1.367,59.521849,25.148996,35.26,25.26,0.0,-35.0,7.0,4.8
1.400,59.521850,25.148996,35.27,25.27,0.0,-35.0,7.2,4.8
1.433,59.521851,25.148996,35.28,25.28,0.0,-35.0,7.4,4.8
1.467,59.521853,25.148996,35.28,25.28,0.0,-35.0,7.5,4.8
1.500,59.521854,25.148995,35.29,25.29,0.0,-35.0,7.7,4.8
1.533,59.521855,25.148995,35.29,25.29,0.0,-35.0,7.9,4.8
1.567,59.521856,25.148995,35.30,25.30,0.0,-35.0,8.1,4.8
1.600,59.521857,25.148995,35.31,25.31,0.0,-35.0,8.2,4.8
1.633,59.521858,25.148995,35.31,25.31,0.0,-35.0,8.4,4.8
1.667,59.521860,25.148994,35.32,25.32,0.0,-35.0,8.6,4.8
1.700,59.521861,25.148994,35.32,25.32,0.0,-35.0,8.7,4.8
1.733,59.521862,25.148994,35.33,25.33,0.0,-35.0,8.9,4.8
1.767,59.521863,25.148994,35.33,25.33,0.0,-35.0,9.1,4.8
1.800,59.521864,25.148993,35.34,25.34,0.0,-35.0,9.3,4.8
1.833,59.521866,25.148993,35.34,25.34,0.0,-35.0,9.4,4.8
1.867,59.521867,25.148993,35.35,25.35,0.0,-35.0,9.6,4.8
1.900,59.521868,25.148993,35.36,25.36,0.0,-35.0,9.8,4.8
1.933,59.521869,25.148992,35.36,25.36,0.0,-35.0,9.9,4.8
1.967,59.521870,25.148992,35.37,25.37,0.0,-35.0,10.1,4.8
2.000,59.521871,25.148992,35.37,25.37,0.0,-35.0,10.3,4.8
2.033,59.521873,25.148992,35.38,25.38,0.0,-35.0,10.5,4.8
2.067,59.521874,25.148991,35.38,25.38,0.0,-35.0,10.6,4.8
2.100,59.521875,25.148991,35.39,25.39,0.0,-35.0,10.8,4.8
2.133,59.521876,25.148991,35.39,25.39,0.0,-35.0,11.0,4.8
2.167,59.521877,25.148991,35.40,25.40,0.0,-35.0,11.1,4.8
2.200,59.521878,25.148990,35.40,25.40,0.0,-35.0,11.3,4.8
2.233,59.521880,25.148990,35.41,25.41,0.0,-35.0,11.5,4.8
2.267,59.521881,25.148990,35.41,25.41,0.0,-35.0,11.7,4.8
2.300,59.521882,25.148989,35.42,25.42,0.0,-35.0,11.8,4.8
2.333,59.521883,25.148989,35.42,25.42,0.0,-35.0,12.0,4.8
2.367,59.521884,25.148989,35.43,25.43,0.0,-35.0,12.2,4.8
2.400,59.521886,25.148988,35.43,25.43,0.0,-35.0,12.3,4.8
2.433,59.521887,25.148988,35.44,25.44,0.0,-35.0,12.5,4.8
2.467,59.521888,25.148988,35.44,25.44,0.0,-35.0,12.7,4.8
2.500,59.521889,25.148987,35.44,25.44,0.0,-35.0,12.9,4.8
2.533,59.521890,25.148987,35.45,25.45,0.0,-35.0,13.0,4.8
2.567,59.521891,25.148987,35.45,25.45,0.0,-35.0,13.2,4.8
2.600,59.521893,25.148986,35.46,25.46,0.0,-35.0,13.4,4.8
2.633,59.521894,25.148986,35.46,25.46,0.0,-35.0,13.5,4.8
2.667,59.521895,25.148986,35.47,25.47,0.0,-35.0,13.7,4.8
2.700,59.521896,25.148985,35.47,25.47,0.0,-35.0,13.9,4.8
2.733,59.521897,25.148985,35.47,25.47,0.0,-35.0,14.1,4.8
2.767,59.521898,25.148985,35.48,25.48,0.0,-35.0,14.2,4.8
2.800,59.521899,25.148984,35.48,25.48,0.0,-35.0,14.4,4.8
2.833,59.521901,25.148984,35.49,25.49,0.0,-35.0,14.6,4.8
2.867,59.521902,25.148984,35.49,25.49,0.0,-35.0,14.7,4.8
2.900,59.521903,25.148983,35.49,25.49,0.0,-35.0,14.9,4.8
2.933,59.521904,25.148983,35.50,25.50,0.0,-35.0,15.1,4.8
2.967,59.521905,25.148982,35.50,25.50,0.0,-35.0,15.3,4.8
3.000,59.521906,25.148982,35.50,25.50,0.0,-35.0,15.4,4.8
3.033,59.521908,25.148982,35.51,25.51,0.0,-35.0,15.6,4.8
3.067,59.521909,25.148981,35.51,25.51,0.0,-35.0,15.8,4.8
3.100,59.521910,25.148981,35.52,25.52,0.0,-35.0,15.9,4.8
3.133,59.521911,25.148980,35.52,25.52,0.0,-35.0,16.1,4.8
3.167,59.521912,25.148980,35.52,25.52,0.0,-35.0,16.3,4.8
3.200,59.521913,25.148980,35.53,25.53,0.0,-35.0,16.5,4.8
3.233,59.521914,25.148979,35.53,25.53,0.0,-35.0,16.6,4.8
3.267,59.521916,25.148979,35.53,25.53,0.0,-35.0,16.8,4.8
3.300,59.521917,25.148978,35.53,25.53,0.0,-35.0,17.0,4.8
3.333,59.521918,25.148978,35.54,25.54,0.0,-35.0,17.1,4.8
3.367,59.521919,25.148977,35.54,25.54,0.0,-35.0,17.3,4.8
3.400,59.521920,25.148977,35.54,25.54,0.0,-35.0,17.5,4.8
3.433,59.521921,25.148976,35.55,25.55,0.0,-35.0,17.7,4.8
3.467,59.521922,25.148976,35.55,25.55,0.0,-35.0,17.8,4.8
3.500,59.521924,25.148976,35.55,25.55,0.0,-35.0,18.0,4.8
3.533,59.521925,25.148975,35.55,25.55,0.0,-35.0,18.2,4.8
3.567,59.521926,25.148975,35.56,25.56,0.0,-35.0,18.3,4.8
3.600,59.521927,25.148974,35.56,25.56,0.0,-35.0,18.5,4.8
3.633,59.521928,25.148974,35.56,25.56,0.0,-35.0,18.7,4.8
3.667,59.521929,25.148973,35.56,25.56,0.0,-35.0,18.9,4.8
3.700,59.521930,25.148973,35.57,25.57,0.0,-35.0,19.0,4.8
3.733,59.521932,25.148972,35.57,25.57,0.0,-35.0,19.2,4.8
3.767,59.521933,25.148972,35.57,25.57,0.0,-35.0,19.4,4.8
3.800,59.521934,25.148971,35.57,25.57,0.0,-35.0,19.5,4.8
3.833,59.521935,25.148971,35.57,25.57,0.0,-35.0,19.7,4.8
3.867,59.521936,25.148970,35.58,25.58,0.0,-35.0,19.9,4.8
3.900,59.521937,25.148970,35.58,25.58,0.0,-35.0,20.1,4.8
3.933,59.521938,25.148969,35.58,25.58,0.0,-35.0,20.2,4.8
3.967,59.521939,25.148969,35.58,25.58,0.0,-35.0,20.4,4.8
4.000,59.521941,25.148968,35.58,25.58,0.0,-35.0,20.6,4.8
4.033,59.521942,25.148968,35.58,25.58,0.0,-35.0,20.7,4.8
4.067,59.521943,25.148967,35.59,25.59,0.0,-35.0,20.9,4.8
4.100,59.521944,25.148967,35.59,25.59,0.0,-35.0,21.1,4.8
4.133,59.521945,25.148966,35.59,25.59,0.0,-35.0,21.3,4.8
4.167,59.521946,25.148965,35.59,25.59,0.0,-35.0,21.4,4.8
4.200,59.521947,25.148965,35.59,25.59,0.0,-35.0,21.6,4.8
4.233,59.521948,25.148964,35.59,25.59,0.0,-35.0,21.8,4.8
4.267,59.521949,25.148964,35.59,25.59,0.0,-35.0,21.9,4.8
4.300,59.521951,25.148963,35.59,25.59,0.0,-35.0,22.1,4.8
4.333,59.521952,25.148963,35.60,25.60,0.0,-35.0,22.3,4.8
4.367,59.521953,25.148962,35.60,25.60,0.0,-35.0,22.5,4.8
4.400,59.521954,25.148962,35.60,25.60,0.0,-35.0,22.6,4.8
4.433,59.521955,25.148961,35.60,25.60,0.0,-35.0,22.8,4.8
4.467,59.521956,25.148960,35.60,25.60,0.0,-35.0,23.0,4.8
4.500,59.521957,25.148960,35.60,25.60,0.0,-35.0,23.1,4.8
4.533,59.521958,25.148959,35.60,25.60,0.0,-35.0,23.3,4.8
4.567,59.521959,25.148959,35.60,25.60,0.0,-35.0,23.5,4.8
4.600,59.521961,25.148958,35.60,25.60,0.0,-35.0,23.7,4.8
4.633,59.521962,25.148957,35.60,25.60,0.0,-35.0,23.8,4.8
4.667,59.521963,25.148957,35.60,25.60,0.0,-35.0,24.0,4.8
4.700,59.521964,25.148956,35.60,25.60,0.0,-35.0,24.2,4.8
4.733,59.521965,25.148956,35.60,25.60,0.0,-35.0,24.3,4.8
4.767,59.521966,25.148955,35.60,25.60,0.0,-35.0,24.5,4.8
4.800,59.521967,25.148954,35.60,25.60,0.0,-35.0,24.7,4.8
4.833,59.521968,25.148954,35.60,25.60,0.0,-35.0,24.9,4.8
4.867,59.521969,25.148953,35.60,25.60,0.0,-35.0,25.0,4.8
4.900,59.521970,25.148952,35.60,25.60,0.0,-35.0,25.2,4.8
4.933,59.521971,25.148952,35.60,25.60,0.0,-35.0,25.4,4.8
4.967,59.521972,25.148951,35.60,25.60,0.0,-35.0,25.5,4.8
5.000,59.521974,25.148950,35.60,25.60,0.0,-35.0,25.7,4.8
5.033,59.521975,25.148950,35.60,25.60,0.0,-35.0,25.9,4.8
5.067,59.521976,25.148949,35.60,25.60,0.0,-35.0,26.1,4.8
5.100,59.521977,25.148949,35.59,25.59,0.0,-35.0,26.2,4.8
5.133,59.521978,25.148948,35.59,25.59,0.0,-35.0,26.4,4.8
5.167,59.521979,25.148947,35.59,25.59,0.0,-35.0,26.6,4.8
5.200,59.521980,25.148947,35.59,25.59,0.0,-35.0,26.7,4.8
5.233,59.521981,25.148946,35.59,25.59,0.0,-35.0,26.9,4.8
5.267,59.521982,25.148945,35.59,25.59,0.0,-35.0,27.1,4.8
5.300,59.521983,25.148944,35.59,25.59,0.0,-35.0,27.3,4.8
5.333,59.521984,25.148944,35.59,25.59,0.0,-35.0,27.4,4.8
5.367,59.521985,25.148943,35.59,25.59,0.0,-35.0,27.6,4.8
5.400,59.521986,25.148942,35.58,25.58,0.0,-35.0,27.8,4.8
5.433,59.521987,25.148942,35.58,25.58,0.0,-35.0,27.9,4.8
5.467,59.521988,25.148941,35.58,25.58,0.0,-35.0,28.1,4.8
5.500,59.521990,25.148940,35.58,25.58,0.0,-35.0,28.3,4.8
5.533,59.521991,25.148940,35.58,25.58,0.0,-35.0,28.5,4.8
5.567,59.521992,25.148939,35.58,25.58,0.0,-35.0,28.6,4.8
5.600,59.521993,25.148938,35.57,25.57,0.0,-35.0,28.8,4.8
5.633,59.521994,25.148937,35.57,25.57,0.0,-35.0,29.0,4.8
5.667,59.521995,25.148937,35.57,25.57,0.0,-35.0,29.1,4.8
5.700,59.521996,25.148936,35.57,25.57,0.0,-35.0,29.3,4.8
5.733,59.521997,25.148935,35.57,25.57,0.0,-35.0,29.5,4.8
5.767,59.521998,25.148935,35.56,25.56,0.0,-35.0,29.7,4.8
5.800,59.521999,25.148934,35.56,25.56,0.0,-35.0,29.8,4.8
5.833,59.522000,25.148933,35.56,25.56,0.0,-35.0,30.0,4.8
5.867,59.522001,25.148932,35.56,25.56,0.0,-35.0,30.2,4.8
5.900,59.522002,25.148932,35.55,25.55,0.0,-35.0,30.3,4.8
5.933,59.522003,25.148931,35.55,25.55,0.0,-35.0,30.5,4.8
5.967,59.522004,25.148930,35.55,25.55,0.0,-35.0,30.7,4.8
6.000,59.522005,25.148929,35.55,25.55,0.0,-35.0,30.9,4.8
6.033,59.522006,25.148928,35.54,25.54,0.0,-35.0,31.0,4.8
6.067,59.522007,25.148928,35.54,25.54,0.0,-35.0,31.2,4.8
6.100,59.522008,25.148927,35.54,25.54,0.0,-35.0,31.4,4.8
6.133,59.522009,25.148926,35.53,25.53,0.0,-35.0,31.5,4.8
6.167,59.522010,25.148925,35.53,25.53,0.0,-35.0,31.7,4.8
6.200,59.522011,25.148925,35.53,25.53,0.0,-35.0,31.9,4.8
6.233,59.522012,25.148924,35.52,25.52,0.0,-35.0,32.1,4.8
6.267,59.522013,25.148923,35.52,25.52,0.0,-35.0,32.2,4.8
6.300,59.522014,25.148922,35.52,25.52,0.0,-35.0,32.4,4.8
6.333,59.522015,25.148921,35.51,25.51,0.0,-35.0,32.6,4.8
6.367,59.522016,25.148921,35.51,25.51,0.0,-35.0,32.7,4.8
6.400,59.522017,25.148920,35.51,25.51,0.0,-35.0,32.9,4.8
6.433,59.522018,25.148919,35.50,25.50,0.0,-35.0,33.1,4.8
6.467,59.522019,25.148918,35.50,25.50,0.0,-35.0,33.3,4.8
6.500,59.522020,25.148917,35.50,25.50,0.0,-35.0,33.4,4.8
6.533,59.522021,25.148916,35.49,25.49,0.0,-35.0,33.6,4.8
6.567,59.522022,25.148916,35.49,25.49,0.0,-35.0,33.8,4.8
6.600,59.522023,25.148915,35.49,25.49,0.0,-35.0,33.9,4.8
6.633,59.522024,25.148914,35.48,25.48,0.0,-35.0,34.1,4.8
6.667,59.522025,25.148913,35.48,25.48,0.0,-35.0,34.3,4.8
6.700,59.522026,25.148912,35.47,25.47,0.0,-35.0,34.5,4.8
6.733,59.522027,25.148911,35.47,25.47,0.0,-35.0,34.6,4.8
6.767,59.522028,25.148911,35.46,25.46,0.0,-35.0,34.8,4.8
6.800,59.522029,25.148910,35.46,25.46,0.0,-35.0,35.0,4.8
6.833,59.522030,25.148909,35.46,25.46,0.0,-35.0,35.1,4.8
6.867,59.522031,25.148908,35.45,25.45,0.0,-35.0,35.3,4.8
6.900,59.522032,25.148907,35.45,25.45,0.0,-35.0,35.5,4.8
6.933,59.522033,25.148906,35.44,25.44,0.0,-35.0,35.7,4.8
6.967,59.522034,25.148905,35.44,25.44,0.0,-35.0,35.8,4.8
7.000,59.522035,25.148905,35.43,25.43,0.0,-35.0,36.0,4.8
7.033,59.522036,25.148904,35.43,25.43,0.0,-35.0,36.2,4.8
7.067,59.522037,25.148903,35.42,25.42,0.0,-35.0,36.3,4.8
7.100,59.522038,25.148902,35.42,25.42,0.0,-35.0,36.5,4.8
7.133,59.522039,25.148901,35.42,25.42,0.0,-35.0,36.7,4.8
7.167,59.522040,25.148900,35.41,25.41,0.0,-35.0,36.9,4.8
7.200,59.522041,25.148899,35.41,25.41,0.0,-35.0,37.0,4.8
7.233,59.522042,25.148898,35.40,25.40,0.0,-35.0,37.2,4.8
7.267,59.522043,25.148897,35.40,25.40,0.0,-35.0,37.4,4.8
7.300,59.522044,25.148896,35.39,25.39,0.0,-35.0,37.5,4.8
7.333,59.522045,25.148896,35.39,25.39,0.0,-35.0,37.7,4.8
7.367,59.522046,25.148895,35.38,25.38,0.0,-35.0,37.9,4.8
7.400,59.522047,25.148894,35.37,25.37,0.0,-35.0,38.1,4.8
7.433,59.522048,25.148893,35.37,25.37,0.0,-35.0,38.2,4.8
7.467,59.522048,25.148892,35.36,25.36,0.0,-35.0,38.4,4.8
7.500,59.522049,25.148891,35.36,25.36,0.0,-35.0,38.6,4.8
7.533,59.522050,25.148890,35.35,25.35,0.0,-35.0,38.7,4.8
7.567,59.522051,25.148889,35.35,25.35,0.0,-35.0,38.9,4.8
7.600,59.522052,25.148888,35.34,25.34,0.0,-35.0,39.1,4.8
7.633,59.522053,25.148887,35.34,25.34,0.0,-35.0,39.3,4.8
7.667,59.522054,25.148886,35.33,25.33,0.0,-35.0,39.4,4.8
7.700,59.522055,25.148885,35.33,25.33,0.0,-35.0,39.6,4.8
7.733,59.522056,25.148884,35.32,25.32,0.0,-35.0,39.8,4.8
7.767,59.522057,25.148883,35.31,25.31,0.0,-35.0,39.9,4.8
7.800,59.522058,25.148882,35.31,25.31,0.0,-35.0,40.1,4.8
7.833,59.522059,25.148881,35.30,25.30,0.0,-35.0,40.3,4.8
7.867,59.522060,25.148880,35.30,25.30,0.0,-35.0,40.5,4.8
7.900,59.522060,25.148879,35.29,25.29,0.0,-35.0,40.6,4.8
7.933,59.522061,25.148878,35.29,25.29,0.0,-35.0,40.8,4.8
7.967,59.522062,25.148878,35.28,25.28,0.0,-35.0,41.0,4.8
8.000,59.522063,25.148877,35.27,25.27,0.0,-35.0,41.1,4.8
8.033,59.522064,25.148876,35.27,25.27,0.0,-35.0,41.3,4.8
8.067,59.522065,25.148875,35.26,25.26,0.0,-35.0,41.5,4.8
8.100,59.522066,25.148874,35.26,25.26,0.0,-35.0,41.7,4.8
8.133,59.522067,25.148873,35.25,25.25,0.0,-35.0,41.8,4.8
8.167,59.522068,25.148872,35.24,25.24,0.0,-35.0,42.0,4.8
8.200,59.522069,25.148871,35.24,25.24,0.0,-35.0,42.2,4.8
8.233,59.522069,25.148870,35.23,25.23,0.0,-35.0,42.3,4.8
8.267,59.522070,25.148869,35.23,25.23,0.0,-35.0,42.5,4.8
8.300,59.522071,25.148868,35.22,25.22,0.0,-35.0,42.7,4.8
8.333,59.522072,25.148867,35.21,25.21,0.0,-35.0,42.9,4.8
8.367,59.522073,25.148866,35.21,25.21,0.0,-35.0,43.0,4.8
8.400,59.522074,25.148864,35.20,25.20,0.0,-35.0,43.2,4.8
8.433,59.522075,25.148863,35.19,25.19,0.0,-35.0,43.4,4.8
8.467,59.522076,25.148862,35.19,25.19,0.0,-35.0,43.5,4.8
8.500,59.522076,25.148861,35.18,25.18,0.0,-35.0,43.7,4.8
8.533,59.522077,25.148860,35.18,25.18,0.0,-35.0,43.9,4.8
8.567,59.522078,25.148859,35.17,25.17,0.0,-35.0,44.1,4.8
8.600,59.522079,25.148858,35.16,25.16,0.0,-35.0,44.2,4.8
8.633,59.522080,25.148857,35.16,25.16,0.0,-35.0,44.4,4.8
8.667,59.522081,25.148856,35.15,25.15,0.0,-35.0,44.6,4.8
8.700,59.522082,25.148855,35.14,25.14,0.0,-35.0,44.7,4.8
8.733,59.522082,25.148854,35.14,25.14,0.0,-35.0,44.9,4.8
8.767,59.522083,25.148853,35.13,25.13,0.0,-35.0,45.1,4.8
8.800,59.522084,25.148852,35.12,25.12,0.0,-35.0,45.3,4.8
8.833,59.522085,25.148851,35.12,25.12,0.0,-35.0,45.4,4.8
8.867,59.522086,25.148850,35.11,25.11,0.0,-35.0,45.6,4.8
8.900,59.522087,25.148849,35.10,25.10,0.0,-35.0,45.8,4.8
8.933,59.522087,25.148848,35.10,25.10,0.0,-35.0,45.9,4.8
8.967,59.522088,25.148847,35.09,25.09,0.0,-35.0,46.1,4.8
9.000,59.522089,25.148846,35.08,25.08,0.0,-35.0,46.3,4.8
9.033,59.522090,25.148844,35.08,25.08,0.0,-35.0,46.5,4.8
9.067,59.522091,25.148843,35.07,25.07,0.0,-35.0,46.6,4.8
9.100,59.522092,25.148842,35.06,25.06,0.0,-35.0,46.8,4.8
9.133,59.522092,25.148841,35.06,25.06,0.0,-35.0,47.0,4.8
9.167,59.522093,25.148840,35.05,25.05,0.0,-35.0,47.1,4.8
9.200,59.522094,25.148839,35.04,25.04,0.0,-35.0,47.3,4.8
9.233,59.522095,25.148838,35.04,25.04,0.0,-35.0,47.5,4.8
9.267,59.522096,25.148837,35.03,25.03,0.0,-35.0,47.7,4.8
9.300,59.522096,25.148836,35.02,25.02,0.0,-35.0,47.8,4.8
9.333,59.522097,25.148835,35.02,25.02,0.0,-35.0,48.0,4.8
9.367,59.522098,25.148833,35.01,25.01,0.0,-35.0,48.2,4.8
9.400,59.522099,25.148832,35.00,25.00,0.0,-35.0,48.3,4.8
9.433,59.522100,25.148831,35.00,25.00,0.0,-35.0,48.5,4.8
9.467,59.522100,25.148830,34.99,24.99,0.0,-35.0,48.7,4.8
9.500,59.522101,25.148829,34.98,24.98,0.0,-35.0,48.9,4.8
9.533,59.522102,25.148828,34.98,24.98,0.0,-35.0,49.0,4.8
9.567,59.522103,25.148827,34.97,24.97,0.0,-35.0,49.2,4.8
9.600,59.522104,25.148826,34.96,24.96,0.0,-35.0,49.4,4.8
9.633,59.522104,25.148824,34.96,24.96,0.0,-35.0,49.5,4.8
9.667,59.522105,25.148823,34.95,24.95,0.0,-35.0,49.7,4.8
9.700,59.522106,25.148822,34.95,24.95,0.0,-35.0,49.9,4.8
9.733,59.522107,25.148821,34.94,24.94,0.0,-35.0,50.1,4.8
9.767,59.522107,25.148820,34.93,24.93,0.0,-35.0,50.2,4.8
9.800,59.522108,25.148819,34.93,24.93,0.0,-35.0,50.4,4.8
9.833,59.522109,25.148818,34.92,24.92,0.0,-35.0,50.6,4.8
9.867,59.522110,25.148816,34.91,24.91,0.0,-35.0,50.7,4.8
9.900,59.522110,25.148815,34.91,24.91,0.0,-35.0,50.9,4.8
9.933,59.522111,25.148814,34.90,24.90,0.0,-35.0,51.1,4.8
9.967,59.522112,25.148813,34.89,24.89,0.0,-35.0,51.3,4.8
10.000,59.522113,25.148812,34.89,24.89,0.0,-35.0,51.4,4.8
10.033,59.522113,25.148811,34.88,24.88,0.0,-35.0,51.6,4.8
10.067,59.522114,25.148809,34.87,24.87,0.0,-35.0,51.8,4.8
10.100,59.522115,25.148808,34.87,24.87,0.0,-35.0,51.9,4.8
10.133,59.522116,25.148807,34.86,24.86,0.0,-35.0,52.1,4.8
10.167,59.522116,25.148806,34.85,24.85,0.0,-35.0,52.3,4.8
10.200,59.522117,25.148805,34.85,24.85,0.0,-35.0,52.5,4.8
10.233,59.522118,25.148803,34.84,24.84,0.0,-35.0,52.6,4.8
10.267,59.522119,25.148802,34.83,24.83,0.0,-35.0,52.8,4.8
10.300,59.522119,25.148801,34.83,24.83,0.0,-35.0,53.0,4.8
10.333,59.522120,25.148800,34.82,24.82,0.0,-35.0,53.1,4.8
10.367,59.522121,25.148799,34.81,24.81,0.0,-35.0,53.3,4.8
10.400,59.522121,25.148798,34.81,24.81,0.0,-35.0,53.5,4.8
10.433,59.522122,25.148796,34.80,24.80,0.0,-35.0,53.7,4.8
10.467,59.522123,25.148795,34.80,24.80,0.0,-35.0,53.8,4.8
10.500,59.522124,25.148794,34.79,24.79,0.0,-35.0,54.0,4.8
10.533,59.522124,25.148793,34.78,24.78,0.0,-35.0,54.2,4.8
10.567,59.522125,25.148791,34.78,24.78,0.0,-35.0,54.3,4.8
10.600,59.522126,25.148790,34.77,24.77,0.0,-35.0,54.5,4.8
10.633,59.522126,25.148789,34.76,24.76,0.0,-35.0,54.7,4.8
10.667,59.522127,25.148788,34.76,24.76,0.0,-35.0,54.9,4.8
10.700,59.522128,25.148787,34.75,24.75,0.0,-35.0,55.0,4.8
10.733,59.522128,25.148785,34.75,24.75,0.0,-35.0,55.2,4.8
10.767,59.522129,25.148784,34.74,24.74,0.0,-35.0,55.4,4.8
10.800,59.522130,25.148783,34.73,24.73,0.0,-35.0,55.5,4.8
10.833,59.522130,25.148782,34.73,24.73,0.0,-35.0,55.7,4.8
10.867,59.522131,25.148780,34.72,24.72,0.0,-35.0,55.9,4.8
10.900,59.522132,25.148779,34.72,24.72,0.0,-35.0,56.1,4.8
10.933,59.522133,25.148778,34.71,24.71,0.0,-35.0,56.2,4.8
10.967,59.522133,25.148777,34.71,24.71,0.0,-35.0,56.4,4.8
11.000,59.522134,25.148775,34.70,24.70,0.0,-35.0,56.6,4.8
11.033,59.522134,25.148774,34.69,24.69,0.0,-35.0,56.7,4.8
11.067,59.522135,25.148773,34.69,24.69,0.0,-35.0,56.9,4.8
11.100,59.522136,25.148772,34.68,24.68,0.0,-35.0,57.1,4.8
11.133,59.522136,25.148770,34.68,24.68,0.0,-35.0,57.3,4.8
11.167,59.522137,25.148769,34.67,24.67,0.0,-35.0,57.4,4.8
11.200,59.522138,25.148768,34.67,24.67,0.0,-35.0,57.6,4.8
11.233,59.522138,25.148767,34.66,24.66,0.0,-35.0,57.8,4.8
11.267,59.522139,25.148765,34.65,24.65,0.0,-35.0,57.9,4.8
11.300,59.522140,25.148764,34.65,24.65,0.0,-35.0,58.1,4.8
11.333,59.522140,25.148763,34.64,24.64,0.0,-35.0,58.3,4.8
11.367,59.522141,25.148762,34.64,24.64,0.0,-35.0,58.5,4.8
11.400,59.522142,25.148760,34.63,24.63,0.0,-35.0,58.6,4.8
11.433,59.522142,25.148759,34.63,24.63,0.0,-35.0,58.8,4.8
11.467,59.522143,25.148758,34.62,24.62,0.0,-35.0,59.0,4.8
11.500,59.522143,25.148756,34.62,24.62,0.0,-35.0,59.1,4.8
11.533,59.522144,25.148755,34.61,24.61,0.0,-35.0,59.3,4.8
11.567,59.522145,25.148754,34.61,24.61,0.0,-35.0,59.5,4.8
11.600,59.522145,25.148753,34.60,24.60,0.0,-35.0,59.7,4.8
11.633,59.522146,25.148751,34.60,24.60,0.0,-35.0,59.8,4.8
11.667,59.522146,25.148750,34.59,24.59,0.0,-35.0,60.0,4.8
11.700,59.522147,25.148749,34.59,24.59,0.0,-35.0,60.2,4.8
11.733,59.522148,25.148747,34.58,24.58,0.0,-35.0,60.3,4.8
11.767,59.522148,25.148746,34.58,24.58,0.0,-35.0,60.5,4.8
11.800,59.522149,25.148745,34.57,24.57,0.0,-35.0,60.7,4.8
11.833,59.522149,25.148743,34.57,24.57,0.0,-35.0,60.9,4.8
11.867,59.522150,25.148742,34.56,24.56,0.0,-35.0,61.0,4.8
11.900,59.522151,25.148741,34.56,24.56,0.0,-35.0,61.2,4.8
11.933,59.522151,25.148740,34.55,24.55,0.0,-35.0,61.4,4.8
11.967,59.522152,25.148738,34.55,24.55,0.0,-35.0,61.5,4.8
12.000,59.522152,25.148737,34.55,24.55,0.0,-35.0,61.7,4.8
12.033,59.522153,25.148736,34.54,24.54,0.0,-35.0,61.9,4.8
12.067,59.522153,25.148734,34.54,24.54,0.0,-35.0,62.1,4.8
12.100,59.522154,25.148733,34.53,24.53,0.0,-35.0,62.2,4.8
12.133,59.522154,25.148732,34.53,24.53,0.0,-35.0,62.4,4.8
12.167,59.522155,25.148730,34.52,24.52,0.0,-35.0,62.6,4.8
12.200,59.522156,25.148729,34.52,24.52,0.0,-35.0,62.7,4.8
12.233,59.522156,25.148728,34.52,24.52,0.0,-35.0,62.9,4.8
12.267,59.522157,25.148726,34.51,24.51,0.0,-35.0,63.1,4.8
12.300,59.522157,25.148725,34.51,24.51,0.0,-35.0,63.3,4.8
12.333,59.522158,25.148724,34.51,24.51,0.0,-35.0,63.4,4.8
12.367,59.522158,25.148722,34.50,24.50,0.0,-35.0,63.6,4.8
12.400,59.522159,25.148721,34.50,24.50,0.0,-35.0,63.8,4.8
12.433,59.522159,25.148720,34.49,24.49,0.0,-35.0,63.9,4.8
12.467,59.522160,25.148718,34.49,24.49,0.0,-35.0,64.1,4.8
12.500,59.522160,25.148717,34.49,24.49,0.0,-35.0,64.3,4.8
12.533,59.522161,25.148716,34.48,24.48,0.0,-35.0,64.5,4.8
12.567,59.522161,25.148714,34.48,24.48,0.0,-35.0,64.6,4.8
12.600,59.522162,25.148713,34.48,24.48,0.0,-35.0,64.8,4.8
12.633,59.522162,25.148712,34.47,24.47,0.0,-35.0,65.0,4.8
12.667,59.522163,25.148710,34.47,24.47,0.0,-35.0,65.1,4.8
12.700,59.522163,25.148709,34.47,24.47,0.0,-35.0,65.3,4.8
12.733,59.522164,25.148707,34.46,24.46,0.0,-35.0,65.5,4.8
12.767,59.522164,25.148706,34.46,24.46,0.0,-35.0,65.7,4.8
12.800,59.522165,25.148705,34.46,24.46,0.0,-35.0,65.8,4.8
12.833,59.522165,25.148703,34.46,24.46,0.0,-35.0,66.0,4.8
12.867,59.522166,25.148702,34.45,24.45,0.0,-35.0,66.2,4.8
12.900,59.522166,25.148701,34.45,24.45,0.0,-35.0,66.3,4.8
12.933,59.522167,25.148699,34.45,24.45,0.0,-35.0,66.5,4.8
12.967,59.522167,25.148698,34.45,24.45,0.0,-35.0,66.7,4.8
13.000,59.522168,25.148697,34.44,24.44,0.0,-35.0,66.9,4.8
13.033,59.522168,25.148695,34.44,24.44,0.0,-35.0,67.0,4.8
13.067,59.522169,25.148694,34.44,24.44,0.0,-35.0,67.2,4.8
13.100,59.522169,25.148692,34.44,24.44,0.0,-35.0,67.4,4.8
13.133,59.522170,25.148691,34.43,24.43,0.0,-35.0,67.5,4.8
13.167,59.522170,25.148690,34.43,24.43,0.0,-35.0,67.7,4.8
13.200,59.522171,25.148688,34.43,24.43,0.0,-35.0,67.9,4.8
13.233,59.522171,25.148687,34.43,24.43,0.0,-35.0,68.1,4.8
13.267,59.522171,25.148685,34.43,24.43,0.0,-35.0,68.2,4.8
13.300,59.522172,25.148684,34.42,24.42,0.0,-35.0,68.4,4.8
13.333,59.522172,25.148683,34.42,24.42,0.0,-35.0,68.6,4.8
13.367,59.522173,25.148681,34.42,24.42,0.0,-35.0,68.7,4.8
13.400,59.522173,25.148680,34.42,24.42,0.0,-35.0,68.9,4.8
13.433,59.522174,25.148678,34.42,24.42,0.0,-35.0,69.1,4.8
13.467,59.522174,25.148677,34.41,24.41,0.0,-35.0,69.3,4.8
13.500,59.522174,25.148676,34.41,24.41,0.0,-35.0,69.4,4.8
13.533,59.522175,25.148674,34.41,24.41,0.0,-35.0,69.6,4.8
13.567,59.522175,25.148673,34.41,24.41,0.0,-35.0,69.8,4.8
13.600,59.522176,25.148671,34.41,24.41,0.0,-35.0,69.9,4.8
13.633,59.522176,25.148670,34.41,24.41,0.0,-35.0,70.1,4.8
13.667,59.522177,25.148669,34.41,24.41,0.0,-35.0,70.3,4.8
13.700,59.522177,25.148667,34.41,24.41,0.0,-35.0,70.5,4.8
13.733,59.522177,25.148666,34.41,24.41,0.0,-35.0,70.6,4.8
13.767,59.522178,25.148664,34.40,24.40,0.0,-35.0,70.8,4.8
13.800,59.522178,25.148663,34.40,24.40,0.0,-35.0,71.0,4.8
13.833,59.522179,25.148662,34.40,24.40,0.0,-35.0,71.1,4.8
13.867,59.522179,25.148660,34.40,24.40,0.0,-35.0,71.3,4.8
13.900,59.522179,25.148659,34.40,24.40,0.0,-35.0,71.5,4.8
13.933,59.522180,25.148657,34.40,24.40,0.0,-35.0,71.7,4.8
13.967,59.522180,25.148656,34.40,24.40,0.0,-35.0,71.8,4.8